{
    "inmat": [
        [128.3564453125, 0.0, 16.1136474609375],
        [0.0, 128.3564453125, 16.47128677368164],
        [0.0, 0.0, 1.0]
    ],
    "inv_inmat": [
        [ 0.007790804840624332, 0.0, -0.12553827464580536],
        [ 0.0, 0.007790804840624332, -0.12832458317279816],
        [ 0.0, 0.0, 1.0]
    ]
}